answer_type,count,answer_accuracy,decision_accuracy,decision_required_count,evidence_precision,evidence_recall,evidence_f1,missing_information_accuracy,unsupported_evidence_rate
boolean,160,0.99375,0.9779411764705882,136,0.5654241071428572,0.8798958333333333,0.6484152387645035,0.9625,0.4345758928571429
code_set,2,1.0,1.0,2,1.0,1.0,1.0,0.0,0.0
date,10,1.0,0.0,0,0.8083333333333333,1.0,0.8566666666666667,1.0,0.19166666666666665
date_range,2,1.0,0.0,0,0.5833333333333333,1.0,0.7333333333333334,1.0,0.41666666666666663
datetime,8,1.0,0.0,0,0.8333333333333334,1.0,0.8916666666666666,1.0,0.16666666666666666
integer,10,1.0,1.0,2,0.75,1.0,0.8300000000000001,1.0,0.25
money,52,0.9615384615384616,1.0,14,0.779532967032967,0.8990384615384616,0.8173076923076923,1.0,0.22046703296703296
status,74,0.33783783783783783,1.0,14,0.7214285714285714,0.9527027027027027,0.7856070356070356,0.9864864864864865,0.2785714285714286
threshold,2,1.0,0.0,0,1.0,1.0,1.0,1.0,0.0
